epoch,time,train/box_loss,train/cls_loss,train/dfl_loss,metrics/precision(B),metrics/recall(B),metrics/mAP50(B),metrics/mAP50-95(B),val/box_loss,val/cls_loss,val/dfl_loss,lr/pg0,lr/pg1,lr/pg2
1,46.7337,3.21112,5.1722,2.81444,0,0,0,0,1.40936,4.85316,1.31959,2.08e-05,2.08e-05,2.08e-05
2,92.2044,3.11587,5.16611,2.71986,0,0,0,0,1.44286,4.85217,1.33817,4.34638e-05,4.34638e-05,4.34638e-05
3,138.014,2.97736,5.13991,2.60183,0,0,0,0,1.52166,4.8599,1.37903,6.59011e-05,6.59011e-05,6.59011e-05
4,183.553,2.9101,5.10542,2.48614,0,0,0,0,1.68002,4.85354,1.43859,8.81118e-05,8.81118e-05,8.81118e-05
5,229.378,2.75319,5.04375,2.31969,0,0,0,0,1.88319,4.8535,1.52552,0.000110096,0.000110096,0.000110096
6,275.486,2.62465,4.92941,2.19724,0,0,0,0,1.9343,4.84288,1.5852,0.000131854,0.000131854,0.000131854
7,320.742,2.62124,4.88615,2.16101,0.00044,0.00095,0.00023,9e-05,1.87967,4.8065,1.58552,0.000153385,0.000153385,0.000153385
8,366.493,2.55975,4.76882,2.09843,0.03462,0.03436,0.02263,0.01489,1.88148,4.71655,1.60894,0.00017469,0.00017469,0.00017469
9,411.723,2.51596,4.6739,2.05961,0.02207,0.08415,0.02152,0.013,1.88288,4.64568,1.61381,0.000195768,0.000195768,0.000195768
10,457.122,2.49387,4.56778,2.02268,0.01816,0.14123,0.02517,0.01264,1.90635,4.55292,1.64118,0.000198734,0.000198734,0.000198734
11,503.111,2.45906,4.4779,2.00299,0.01719,0.19629,0.02911,0.0136,1.91475,4.51165,1.66332,0.000197704,0.000197704,0.000197704
12,548.129,2.43151,4.36485,1.99615,0.01575,0.21577,0.02921,0.01363,1.90818,4.43701,1.6712,0.000196674,0.000196674,0.000196674
13,625.809,2.42451,4.24777,1.94482,0.01645,0.23282,0.02902,0.01397,1.90275,4.3847,1.6692,0.000195645,0.000195645,0.000195645
14,740.317,2.40996,4.15519,1.89717,0.01635,0.23038,0.02488,0.01253,1.90319,4.40631,1.66742,0.000194615,0.000194615,0.000194615
15,849.793,2.37101,4.04897,1.94993,0.01637,0.23607,0.02559,0.01294,1.9311,4.42667,1.67706,0.000193586,0.000193586,0.000193586
16,954.013,2.31042,4.02156,1.93014,0.17914,0.13772,0.02824,0.01457,1.98795,4.33412,1.65573,0.000192556,0.000192556,0.000192556
17,1019.49,2.31535,3.86271,1.9113,0.37505,0.07509,0.03172,0.01642,2.0106,4.29545,1.6456,0.000191526,0.000191526,0.000191526
18,1065.66,2.31876,3.81615,1.91303,0.44752,0.07761,0.03875,0.01892,1.92823,4.26507,1.61918,0.000190497,0.000190497,0.000190497
19,1111.82,2.30727,3.73191,1.89893,0.37511,0.08284,0.03944,0.02073,1.93527,4.25139,1.61998,0.000189467,0.000189467,0.000189467
20,1260.71,2.28042,3.64268,1.88491,0.40132,0.09636,0.04061,0.02166,1.92857,4.21648,1.61549,0.000188438,0.000188438,0.000188438
21,1678.56,2.30446,3.54169,1.85355,0.42221,0.10609,0.04341,0.02336,1.9114,4.21829,1.59856,0.000187408,0.000187408,0.000187408
22,1737.92,2.28949,3.48153,1.84435,0.40589,0.10964,0.04962,0.02625,1.84669,4.14214,1.59213,0.000186378,0.000186378,0.000186378
23,1787.07,2.22727,3.39703,1.8328,0.42679,0.11098,0.05745,0.0286,1.85217,4.14183,1.61923,0.000185349,0.000185349,0.000185349
24,2256.24,2.21496,3.32637,1.82274,0.30694,0.10502,0.05002,0.02463,1.8568,4.16753,1.64641,0.000184319,0.000184319,0.000184319
25,2378.49,2.2185,3.31498,1.84541,0.30437,0.11499,0.04413,0.02169,1.85028,4.20586,1.63963,0.00018329,0.00018329,0.00018329
26,2499.4,2.21952,3.27021,1.84138,0.28978,0.12324,0.04872,0.02337,1.87031,4.20109,1.64171,0.00018226,0.00018226,0.00018226
27,2545.02,2.18119,3.16031,1.80822,0.41204,0.10677,0.05888,0.02998,1.8819,4.10341,1.61131,0.00018123,0.00018123,0.00018123
28,2783.22,2.21835,3.1069,1.83353,0.4873,0.10619,0.06177,0.02953,1.88115,4.10949,1.62327,0.000180201,0.000180201,0.000180201
29,2903.68,2.18271,3.0452,1.78126,0.48599,0.09799,0.05842,0.02969,1.91312,4.11936,1.64364,0.000179171,0.000179171,0.000179171
30,3035.75,2.18678,2.9776,1.82664,0.32056,0.11458,0.06119,0.03191,1.9478,4.05065,1.6567,0.000178142,0.000178142,0.000178142
31,3192.35,2.13626,2.91742,1.79972,0.37718,0.08346,0.05776,0.0307,2.01903,4.04537,1.71048,0.000177112,0.000177112,0.000177112
32,3329.37,2.14988,2.88164,1.78445,0.42881,0.08894,0.05575,0.03025,1.99475,4.03757,1.69092,0.000176082,0.000176082,0.000176082
33,3389.42,2.1345,2.84789,1.77394,0.4452,0.08857,0.06057,0.03319,1.96087,4.03435,1.67427,0.000175053,0.000175053,0.000175053
34,3436.22,2.11067,2.77844,1.79185,0.39614,0.08843,0.06693,0.0352,1.92792,4.0621,1.6843,0.000174023,0.000174023,0.000174023
35,3699.74,2.16046,2.73393,1.78572,0.25478,0.12549,0.07329,0.03811,1.9141,4.05239,1.67622,0.000172994,0.000172994,0.000172994
36,3845.46,2.13986,2.70747,1.79485,0.22229,0.12252,0.07615,0.03909,1.87126,4.03318,1.66413,0.000171964,0.000171964,0.000171964
37,4442.72,2.15488,2.73659,1.81137,0.22741,0.12133,0.07524,0.03681,1.88532,4.03827,1.68814,0.000170934,0.000170934,0.000170934
38,4487.64,2.15186,2.63106,1.8014,0.19412,0.10827,0.07526,0.03664,1.92139,4.02602,1.6993,0.000169905,0.000169905,0.000169905
39,4533.38,2.12166,2.64199,1.81803,0.19652,0.11985,0.07307,0.03534,1.92617,4.01308,1.67882,0.000168875,0.000168875,0.000168875
40,4579.08,2.14252,2.59235,1.78995,0.21729,0.12802,0.07257,0.03523,1.93745,3.99899,1.66257,0.000167846,0.000167846,0.000167846
41,4624.99,2.09518,2.56221,1.75694,0.36002,0.14084,0.08712,0.04297,1.90671,3.97511,1.64119,0.000166816,0.000166816,0.000166816
42,4670.85,2.04577,2.53811,1.75744,0.38186,0.14527,0.09588,0.04977,1.88802,3.94704,1.63348,0.000165786,0.000165786,0.000165786
43,4716.64,2.08634,2.55273,1.79583,0.28215,0.15767,0.10289,0.05478,1.88082,3.93894,1.60666,0.000164757,0.000164757,0.000164757
44,4762.13,2.06292,2.45767,1.73271,0.48351,0.11228,0.10166,0.05066,1.98268,3.92751,1.63483,0.000163727,0.000163727,0.000163727
45,4807.72,2.11154,2.5122,1.79171,0.41034,0.12736,0.10268,0.05323,2.00311,3.89601,1.65792,0.000162698,0.000162698,0.000162698
46,4853.9,2.10225,2.35554,1.71027,0.49314,0.10649,0.10617,0.05448,1.99562,3.88907,1.66342,0.000161668,0.000161668,0.000161668
47,4900.04,1.97223,2.40545,1.72416,0.20699,0.15989,0.10952,0.05477,2.01037,3.87981,1.70141,0.000160638,0.000160638,0.000160638
48,4946.16,2.03526,2.36774,1.7435,0.18938,0.15365,0.10995,0.05504,2.03725,3.89119,1.73614,0.000159609,0.000159609,0.000159609
49,4991.71,2.00062,2.32264,1.69833,0.20374,0.15174,0.10764,0.05508,2.11032,3.8922,1.76641,0.000158579,0.000158579,0.000158579
50,5037.6,2.00625,2.28945,1.6807,0.28337,0.17014,0.10993,0.05742,2.06495,3.90259,1.7442,0.00015755,0.00015755,0.00015755
51,5083.62,2.0305,2.31299,1.70941,0.26346,0.18326,0.11137,0.05587,2.06104,3.91559,1.75787,0.00015652,0.00015652,0.00015652
52,5129.42,1.9742,2.27138,1.68975,0.20699,0.19192,0.11159,0.05748,2.05265,3.86019,1.74058,0.00015549,0.00015549,0.00015549
53,5175.34,2.00727,2.31296,1.71619,0.24567,0.17621,0.11056,0.05858,2.02661,3.85361,1.72051,0.000154461,0.000154461,0.000154461
54,5221.17,2.0378,2.19058,1.67796,0.24435,0.16235,0.11349,0.05978,1.9756,3.8834,1.70763,0.000153431,0.000153431,0.000153431
55,5267.14,1.98312,2.20947,1.69605,0.23206,0.17026,0.11754,0.06095,1.94129,3.87343,1.68207,0.000152402,0.000152402,0.000152402
56,5313.21,1.94683,2.211,1.71221,0.26353,0.1824,0.1213,0.06372,1.93181,3.88161,1.67528,0.000151372,0.000151372,0.000151372
57,5359.27,1.96775,2.20896,1.6679,0.2668,0.1723,0.12146,0.06302,1.98207,3.8821,1.68214,0.000150342,0.000150342,0.000150342
58,5405.21,2.0254,2.19491,1.69172,0.4494,0.15308,0.11642,0.0611,2.0284,3.88942,1.69942,0.000149313,0.000149313,0.000149313
59,5451.33,1.97305,2.13653,1.65525,0.48885,0.15384,0.12964,0.06817,2.00391,3.84974,1.70363,0.000148283,0.000148283,0.000148283
60,5497.29,1.95124,2.16405,1.69391,0.40896,0.17063,0.13537,0.07051,1.9687,3.8253,1.7067,0.000147254,0.000147254,0.000147254
61,5543.11,1.97237,2.10296,1.64523,0.40292,0.16789,0.13315,0.06892,1.98662,3.8523,1.7425,0.000146224,0.000146224,0.000146224
62,5589.01,1.92954,2.07807,1.64938,0.32835,0.16992,0.12336,0.06464,1.9752,3.90457,1.77605,0.000145194,0.000145194,0.000145194
63,5634.91,1.90012,2.0863,1.6331,0.39578,0.16188,0.13438,0.07248,1.90448,3.8433,1.68552,0.000144165,0.000144165,0.000144165
64,5680.97,1.97363,2.06149,1.64884,0.37368,0.16153,0.13283,0.07114,1.90121,3.78467,1.66639,0.000143135,0.000143135,0.000143135
65,5726.79,1.88778,2.05725,1.63601,0.40511,0.16164,0.13296,0.07148,1.91044,3.77473,1.68371,0.000142106,0.000142106,0.000142106
66,5772.63,1.93418,2.04795,1.6654,0.27921,0.18382,0.13151,0.07027,1.95342,3.76034,1.68149,0.000141076,0.000141076,0.000141076
67,5818.56,1.89252,2.05415,1.64308,0.33891,0.20666,0.13566,0.07148,1.96095,3.76189,1.67553,0.000140046,0.000140046,0.000140046
68,5864.46,1.92409,2.00599,1.64843,0.32123,0.19955,0.13629,0.07233,1.96049,3.75066,1.67995,0.000139017,0.000139017,0.000139017
69,5910.28,1.91208,2.04034,1.64073,0.34918,0.19255,0.13741,0.07352,1.98071,3.75689,1.69594,0.000137987,0.000137987,0.000137987
70,5956.37,1.89191,2.01444,1.6105,0.37261,0.17819,0.1365,0.07252,1.98997,3.75603,1.70715,0.000136958,0.000136958,0.000136958
71,6002.21,1.88934,2.0321,1.63621,0.42456,0.17548,0.13749,0.07405,1.95836,3.754,1.71817,0.000135928,0.000135928,0.000135928
72,6048.05,1.91212,1.95553,1.61026,0.41136,0.17036,0.13456,0.07108,1.97014,3.77183,1.72645,0.000134898,0.000134898,0.000134898
73,6093.92,1.88925,2.01301,1.63362,0.38617,0.16717,0.13644,0.07091,1.99046,3.75204,1.72604,0.000133869,0.000133869,0.000133869
74,6139.74,1.85139,1.97294,1.63645,0.4083,0.19204,0.13836,0.07379,1.95194,3.75194,1.70698,0.000132839,0.000132839,0.000132839
75,6185.61,1.89696,1.97271,1.63289,0.402,0.19876,0.1481,0.07968,1.95858,3.75157,1.71227,0.00013181,0.00013181,0.00013181
76,6231.56,1.814,1.94125,1.58999,0.40269,0.19245,0.15326,0.08404,1.94887,3.74744,1.70772,0.00013078,0.00013078,0.00013078
77,6277.53,1.87597,1.94428,1.60697,0.40456,0.19265,0.15291,0.08436,1.91543,3.75533,1.70309,0.00012975,0.00012975,0.00012975
78,6323.53,1.81295,1.95627,1.58562,0.42614,0.18183,0.15418,0.08603,1.89806,3.76741,1.68652,0.000128721,0.000128721,0.000128721
79,6369.58,1.81471,1.9694,1.59335,0.47181,0.17324,0.15253,0.08447,1.93589,3.74376,1.68259,0.000127691,0.000127691,0.000127691
80,6415.49,1.85796,1.91082,1.5919,0.41696,0.1942,0.15274,0.08221,1.94855,3.7301,1.68369,0.000126662,0.000126662,0.000126662
81,6461.68,1.83099,1.90886,1.58528,0.58885,0.16384,0.15416,0.08415,1.92052,3.72901,1.68094,0.000125632,0.000125632,0.000125632
82,6507.61,1.83205,1.90488,1.57149,0.49761,0.18473,0.15009,0.08082,1.9394,3.74653,1.68968,0.000124602,0.000124602,0.000124602
83,6553.64,1.79975,1.91397,1.61259,0.46796,0.1886,0.14728,0.07913,1.96145,3.74171,1.68657,0.000123573,0.000123573,0.000123573
84,6599.62,1.81359,1.87469,1.56639,0.38197,0.19351,0.14449,0.07683,1.99537,3.7497,1.70042,0.000122543,0.000122543,0.000122543
85,6645.24,1.77296,1.90979,1.5528,0.49011,0.15406,0.14498,0.07818,1.98213,3.762,1.70759,0.000121514,0.000121514,0.000121514
86,6691.04,1.7723,1.90025,1.58365,0.5419,0.15968,0.14909,0.0822,1.95467,3.76344,1.70743,0.000120484,0.000120484,0.000120484
87,6736.94,1.77222,1.86116,1.5747,0.51698,0.16992,0.15417,0.08649,1.91079,3.77835,1.67679,0.000119454,0.000119454,0.000119454
88,6783.03,1.8143,1.86163,1.57325,0.48567,0.17444,0.15677,0.08606,1.90541,3.75914,1.67873,0.000118425,0.000118425,0.000118425
89,6828.92,1.83294,1.84019,1.56586,0.44619,0.19852,0.1562,0.08537,1.90988,3.74459,1.686,0.000117395,0.000117395,0.000117395
90,6874.92,1.78449,1.84195,1.5476,0.3521,0.21022,0.15187,0.08354,1.90564,3.72959,1.69515,0.000116366,0.000116366,0.000116366
91,6920.72,1.79014,1.83749,1.54004,0.41803,0.20581,0.15707,0.08915,1.87987,3.71095,1.70053,0.000115336,0.000115336,0.000115336
92,6966.7,1.77707,1.75818,1.52386,0.47271,0.18507,0.15851,0.09004,1.86641,3.71109,1.68522,0.000114306,0.000114306,0.000114306
93,7012.42,1.74321,1.8428,1.54176,0.5254,0.17445,0.15976,0.08956,1.87854,3.71261,1.68659,0.000113277,0.000113277,0.000113277
94,7058.04,1.77749,1.83615,1.59382,0.55359,0.17265,0.15524,0.08526,1.89303,3.73909,1.68433,0.000112247,0.000112247,0.000112247
95,7103.86,1.79294,1.84595,1.56054,0.44413,0.19455,0.15598,0.08509,1.94267,3.70443,1.69423,0.000111218,0.000111218,0.000111218
96,7149.71,1.72481,1.79529,1.51874,0.40737,0.18702,0.15768,0.08426,2.00092,3.67597,1.72415,0.000110188,0.000110188,0.000110188
97,7195.71,1.76945,1.81869,1.54808,0.3813,0.19587,0.16127,0.08536,1.99679,3.65421,1.72194,0.000109158,0.000109158,0.000109158
98,7241.55,1.74149,1.80009,1.52757,0.41218,0.19126,0.1652,0.08844,1.94615,3.63205,1.68115,0.000108129,0.000108129,0.000108129
99,7287.06,1.72826,1.79513,1.51302,0.38018,0.20976,0.1668,0.0917,1.8783,3.65407,1.65997,0.000107099,0.000107099,0.000107099
100,7332.66,1.77339,1.77758,1.5124,0.31013,0.21323,0.16641,0.08986,1.9055,3.66992,1.67649,0.00010607,0.00010607,0.00010607
101,7378.14,1.73681,1.77794,1.52711,0.29359,0.21482,0.16737,0.09002,1.91447,3.67402,1.67812,0.00010504,0.00010504,0.00010504
102,7423.63,1.72384,1.79714,1.51009,0.30445,0.20535,0.16672,0.09058,1.90212,3.68596,1.67051,0.00010401,0.00010401,0.00010401
103,7469.13,1.75511,1.74334,1.51865,0.56521,0.16628,0.16669,0.09372,1.86751,3.70929,1.67136,0.000102981,0.000102981,0.000102981
104,7514.92,1.73701,1.75889,1.48647,0.4705,0.18321,0.16482,0.09243,1.87785,3.71712,1.65448,0.000101951,0.000101951,0.000101951
105,7560.62,1.72712,1.75961,1.52395,0.45145,0.19238,0.16166,0.08985,1.88867,3.71917,1.65668,0.000100922,0.000100922,0.000100922
106,7605.95,1.69347,1.72868,1.51378,0.54644,0.19878,0.16362,0.09068,1.85273,3.73136,1.65468,9.9892e-05,9.9892e-05,9.9892e-05
107,7651.45,1.75451,1.73161,1.54218,0.51244,0.19678,0.16275,0.09061,1.89001,3.68976,1.65911,9.88624e-05,9.88624e-05,9.88624e-05
108,7697,1.68779,1.68862,1.5149,0.4014,0.19651,0.15312,0.08354,1.9577,3.6635,1.68012,9.78328e-05,9.78328e-05,9.78328e-05
109,7742.3,1.72336,1.74649,1.53459,0.37899,0.20444,0.15533,0.08466,1.92396,3.65716,1.66582,9.68032e-05,9.68032e-05,9.68032e-05
110,7787.6,1.70936,1.71996,1.4918,0.41905,0.2033,0.15721,0.08665,1.92166,3.65519,1.65131,9.57736e-05,9.57736e-05,9.57736e-05
111,7833.05,1.73284,1.76622,1.50697,0.44054,0.19707,0.15997,0.0886,1.91366,3.66474,1.64797,9.4744e-05,9.4744e-05,9.4744e-05
112,7878.48,1.68597,1.68054,1.47492,0.4752,0.21813,0.16568,0.09255,1.86232,3.66994,1.63437,9.37144e-05,9.37144e-05,9.37144e-05
113,7923.78,1.69656,1.74745,1.55717,0.47249,0.21207,0.1668,0.09417,1.86116,3.68078,1.64214,9.26848e-05,9.26848e-05,9.26848e-05
114,7969.4,1.68295,1.69626,1.46912,0.48708,0.20827,0.16536,0.09291,1.89219,3.70546,1.65384,9.16552e-05,9.16552e-05,9.16552e-05
115,8014.9,1.68113,1.70021,1.47749,0.53349,0.19568,0.16757,0.09576,1.88924,3.74192,1.66626,9.06256e-05,9.06256e-05,9.06256e-05
116,8060.66,1.71413,1.74801,1.51092,0.52735,0.20784,0.17392,0.10078,1.85693,3.75045,1.66173,8.9596e-05,8.9596e-05,8.9596e-05
117,8106.15,1.70847,1.70925,1.50113,0.54989,0.20894,0.17477,0.10165,1.84794,3.75636,1.66638,8.85664e-05,8.85664e-05,8.85664e-05
118,8151.28,1.67356,1.69242,1.48437,0.5282,0.20512,0.17751,0.10224,1.8648,3.73209,1.6653,8.75368e-05,8.75368e-05,8.75368e-05
119,8196.69,1.66388,1.65963,1.47217,0.50074,0.21286,0.17976,0.10262,1.87033,3.71613,1.67835,8.65072e-05,8.65072e-05,8.65072e-05
120,8242.33,1.67891,1.78117,1.53987,0.40413,0.22366,0.17784,0.10279,1.87304,3.72553,1.69636,8.54776e-05,8.54776e-05,8.54776e-05
121,8287.76,1.72392,1.6971,1.5379,0.39577,0.20426,0.17271,0.09865,1.91005,3.71906,1.70213,8.4448e-05,8.4448e-05,8.4448e-05
122,8333.66,1.6561,1.68564,1.49677,0.37889,0.21003,0.16781,0.09356,1.95471,3.72811,1.69777,8.34184e-05,8.34184e-05,8.34184e-05
123,8379.29,1.67613,1.6595,1.47226,0.40156,0.20289,0.16831,0.09535,1.93312,3.73098,1.69654,8.23888e-05,8.23888e-05,8.23888e-05
124,8425.11,1.68083,1.68616,1.48013,0.45461,0.20454,0.1704,0.09613,1.93624,3.7354,1.70356,8.13592e-05,8.13592e-05,8.13592e-05
125,8470.88,1.6781,1.6619,1.4774,0.45179,0.21984,0.17078,0.0969,1.92135,3.75089,1.69844,8.03296e-05,8.03296e-05,8.03296e-05
126,8516.57,1.667,1.67846,1.49754,0.45632,0.2222,0.17402,0.09991,1.87799,3.77329,1.68752,7.93e-05,7.93e-05,7.93e-05
127,8562.22,1.62014,1.64558,1.46906,0.49361,0.21231,0.17518,0.10173,1.86419,3.76014,1.67467,7.82704e-05,7.82704e-05,7.82704e-05
128,8607.67,1.66105,1.6762,1.5337,0.51501,0.20949,0.17442,0.10176,1.8611,3.72631,1.65038,7.72408e-05,7.72408e-05,7.72408e-05
129,8653.31,1.66454,1.66975,1.51302,0.52554,0.20739,0.17276,0.09851,1.89137,3.70207,1.64935,7.62112e-05,7.62112e-05,7.62112e-05
130,8699.09,1.64041,1.64886,1.47738,0.52348,0.20834,0.17191,0.09663,1.92413,3.67188,1.66888,7.51816e-05,7.51816e-05,7.51816e-05
131,8744.66,1.66542,1.63678,1.49734,0.41383,0.22196,0.17408,0.09925,1.91191,3.65505,1.66554,7.4152e-05,7.4152e-05,7.4152e-05
132,8790.26,1.65696,1.65738,1.47939,0.37236,0.2282,0.17611,0.09997,1.88835,3.65692,1.66889,7.31224e-05,7.31224e-05,7.31224e-05
133,8835.72,1.69524,1.66394,1.50742,0.39,0.22496,0.17828,0.10079,1.89067,3.66605,1.66679,7.20928e-05,7.20928e-05,7.20928e-05
134,8881.36,1.63596,1.66161,1.4858,0.45729,0.21736,0.17846,0.09909,1.91292,3.65354,1.67308,7.10632e-05,7.10632e-05,7.10632e-05
135,8927.2,1.64743,1.62476,1.47564,0.48182,0.20657,0.17901,0.09808,1.91921,3.65927,1.67611,7.00336e-05,7.00336e-05,7.00336e-05
136,8972.94,1.61177,1.66711,1.48706,0.47557,0.20552,0.1775,0.09698,1.93672,3.65795,1.6775,6.9004e-05,6.9004e-05,6.9004e-05
137,9019.01,1.61437,1.61076,1.45107,0.44585,0.19924,0.17419,0.0949,1.95251,3.67463,1.68439,6.79744e-05,6.79744e-05,6.79744e-05
138,9064.95,1.65443,1.73767,1.52625,0.48443,0.19184,0.17488,0.0992,1.9132,3.6997,1.66571,6.69448e-05,6.69448e-05,6.69448e-05
139,9110.62,1.59919,1.59884,1.474,0.49883,0.20037,0.18005,0.10342,1.86544,3.72503,1.67125,6.59152e-05,6.59152e-05,6.59152e-05
140,9156.49,1.64978,1.6331,1.50527,0.518,0.19575,0.18076,0.10223,1.87041,3.71238,1.66084,6.48856e-05,6.48856e-05,6.48856e-05
141,9202.37,1.62168,1.5937,1.42912,0.49901,0.1987,0.1788,0.09887,1.90051,3.70205,1.66054,6.3856e-05,6.3856e-05,6.3856e-05
142,9248.15,1.66196,1.62013,1.45218,0.5466,0.19759,0.18085,0.09852,1.89676,3.69109,1.66378,6.28264e-05,6.28264e-05,6.28264e-05
143,9293.94,1.60063,1.58754,1.447,0.55166,0.20328,0.18589,0.10547,1.86342,3.67515,1.66899,6.17968e-05,6.17968e-05,6.17968e-05
144,9340.1,1.65825,1.61054,1.46878,0.54584,0.21017,0.18554,0.1073,1.84152,3.68438,1.66666,6.07672e-05,6.07672e-05,6.07672e-05
145,9386.41,1.66818,1.58808,1.45348,0.53786,0.21369,0.18755,0.10792,1.84963,3.68867,1.66816,5.97376e-05,5.97376e-05,5.97376e-05
146,9432.35,1.60098,1.61816,1.46578,0.49899,0.20632,0.18287,0.10228,1.86215,3.68028,1.65426,5.8708e-05,5.8708e-05,5.8708e-05
147,9478.3,1.57641,1.58544,1.42794,0.55659,0.19608,0.18057,0.10178,1.85548,3.68633,1.6465,5.76784e-05,5.76784e-05,5.76784e-05
148,9524.06,1.61241,1.58297,1.44756,0.53114,0.19965,0.17961,0.10105,1.85779,3.6984,1.64625,5.66488e-05,5.66488e-05,5.66488e-05
149,9569.73,1.58291,1.62585,1.48778,0.52692,0.20199,0.17642,0.09824,1.89509,3.70092,1.65453,5.56192e-05,5.56192e-05,5.56192e-05
150,9615.66,1.6082,1.62837,1.43781,0.5013,0.20324,0.17705,0.0996,1.89248,3.69799,1.65829,5.45896e-05,5.45896e-05,5.45896e-05
151,9661.49,1.57561,1.58303,1.4525,0.47474,0.20573,0.17662,0.10027,1.90769,3.68619,1.66905,5.356e-05,5.356e-05,5.356e-05
152,9707.37,1.5939,1.62301,1.47371,0.47195,0.20517,0.17798,0.10067,1.90936,3.67018,1.66828,5.25304e-05,5.25304e-05,5.25304e-05
153,9753.28,1.55177,1.55456,1.40277,0.5224,0.20776,0.18007,0.10204,1.89597,3.68356,1.66304,5.15008e-05,5.15008e-05,5.15008e-05
154,9799.43,1.62071,1.58855,1.43167,0.52464,0.2053,0.17976,0.10239,1.90739,3.69283,1.66443,5.04712e-05,5.04712e-05,5.04712e-05
155,9845.4,1.58071,1.58832,1.44741,0.55904,0.20695,0.17885,0.10274,1.88766,3.70409,1.65844,4.94416e-05,4.94416e-05,4.94416e-05
156,9891.39,1.56552,1.53872,1.40958,0.53507,0.20102,0.17957,0.10392,1.88212,3.71217,1.66711,4.8412e-05,4.8412e-05,4.8412e-05
157,9937.24,1.58003,1.57018,1.43678,0.52838,0.19317,0.1797,0.10316,1.87472,3.71299,1.66618,4.73824e-05,4.73824e-05,4.73824e-05
158,9983.03,1.58393,1.62789,1.47029,0.46864,0.2028,0.17842,0.10266,1.88196,3.71154,1.66287,4.63528e-05,4.63528e-05,4.63528e-05
159,10028.8,1.59068,1.62325,1.46624,0.47568,0.20686,0.18196,0.1049,1.85447,3.6953,1.6517,4.53232e-05,4.53232e-05,4.53232e-05
160,10074.7,1.56215,1.55333,1.43123,0.45763,0.20467,0.18235,0.105,1.8599,3.68432,1.65594,4.42936e-05,4.42936e-05,4.42936e-05
161,10120.7,1.60691,1.57605,1.42444,0.4581,0.20301,0.18176,0.10346,1.87688,3.6756,1.66282,4.3264e-05,4.3264e-05,4.3264e-05
162,10166.4,1.57386,1.58975,1.45986,0.48848,0.20384,0.1818,0.1032,1.89118,3.66882,1.67527,4.22344e-05,4.22344e-05,4.22344e-05
163,10212.5,1.56759,1.55819,1.40972,0.48754,0.20062,0.1844,0.10624,1.86888,3.6676,1.67748,4.12048e-05,4.12048e-05,4.12048e-05
164,10258.4,1.60412,1.55997,1.44491,0.49498,0.20552,0.18565,0.10815,1.84366,3.6661,1.66934,4.01752e-05,4.01752e-05,4.01752e-05
165,10304.3,1.59196,1.592,1.45695,0.49793,0.20235,0.18631,0.10693,1.85208,3.66904,1.66791,3.91456e-05,3.91456e-05,3.91456e-05
166,10350.2,1.54587,1.53678,1.41665,0.49071,0.20565,0.18585,0.10584,1.88497,3.66257,1.67515,3.8116e-05,3.8116e-05,3.8116e-05
167,10396.1,1.57071,1.57319,1.43437,0.51055,0.20168,0.1863,0.10382,1.90217,3.66401,1.68019,3.70864e-05,3.70864e-05,3.70864e-05
168,10442,1.55101,1.56398,1.40408,0.51102,0.20804,0.18802,0.10749,1.85425,3.66643,1.65688,3.60568e-05,3.60568e-05,3.60568e-05
169,10487.7,1.53403,1.51403,1.40192,0.50449,0.21221,0.18867,0.10819,1.8336,3.67055,1.64907,3.50272e-05,3.50272e-05,3.50272e-05
170,10533.5,1.56909,1.54079,1.39824,0.48575,0.21313,0.18706,0.10776,1.82982,3.66403,1.64484,3.39976e-05,3.39976e-05,3.39976e-05
171,10579.2,1.57921,1.51851,1.43207,0.48222,0.20678,0.18673,0.10681,1.82792,3.6586,1.63969,3.2968e-05,3.2968e-05,3.2968e-05
172,10624.9,1.58977,1.60368,1.4281,0.4967,0.20188,0.18717,0.10637,1.83764,3.66726,1.64749,3.19384e-05,3.19384e-05,3.19384e-05
173,10670.6,1.55335,1.52746,1.41899,0.49379,0.20203,0.18705,0.10637,1.84625,3.67129,1.6511,3.09088e-05,3.09088e-05,3.09088e-05
174,10716.3,1.56072,1.52933,1.41409,0.49212,0.20116,0.18724,0.10696,1.84117,3.66519,1.6494,2.98792e-05,2.98792e-05,2.98792e-05
175,10762.2,1.59325,1.62324,1.46772,0.49811,0.19819,0.18738,0.10703,1.83739,3.65814,1.6414,2.88496e-05,2.88496e-05,2.88496e-05
176,10808.2,1.60175,1.55357,1.42111,0.48755,0.20053,0.18531,0.10543,1.85451,3.65187,1.6464,2.782e-05,2.782e-05,2.782e-05
177,10854.2,1.53586,1.54594,1.42683,0.48833,0.19906,0.1834,0.10314,1.87124,3.65486,1.65222,2.67904e-05,2.67904e-05,2.67904e-05
178,10900.1,1.5832,1.56229,1.44683,0.48247,0.20222,0.18312,0.10128,1.88592,3.65253,1.65725,2.57608e-05,2.57608e-05,2.57608e-05
179,10946.1,1.54069,1.53267,1.39618,0.46055,0.20856,0.18365,0.10279,1.8789,3.6508,1.65621,2.47312e-05,2.47312e-05,2.47312e-05
180,10992,1.55644,1.5464,1.41831,0.46266,0.21163,0.18408,0.10355,1.88016,3.65705,1.65946,2.37016e-05,2.37016e-05,2.37016e-05
181,11037.8,1.54947,1.56135,1.40477,0.45307,0.20917,0.18397,0.10293,1.89309,3.65969,1.66301,2.2672e-05,2.2672e-05,2.2672e-05
182,11083.8,1.56717,1.54561,1.4415,0.4466,0.20937,0.18256,0.10097,1.89975,3.66028,1.66348,2.16424e-05,2.16424e-05,2.16424e-05
183,11129.4,1.56318,1.55072,1.42936,0.4461,0.20736,0.18241,0.10104,1.89496,3.65656,1.6633,2.06128e-05,2.06128e-05,2.06128e-05
184,11175.2,1.51024,1.53014,1.40464,0.45938,0.20028,0.18008,0.10085,1.90067,3.66199,1.66849,1.95832e-05,1.95832e-05,1.95832e-05
185,11220.9,1.55756,1.50868,1.38258,0.4051,0.20697,0.18127,0.10211,1.88797,3.65807,1.66868,1.85536e-05,1.85536e-05,1.85536e-05
186,11266.8,1.5817,1.50786,1.41463,0.40536,0.2122,0.18244,0.10292,1.88934,3.65219,1.67561,1.7524e-05,1.7524e-05,1.7524e-05
187,11312.6,1.55628,1.52989,1.43271,0.45011,0.20839,0.18239,0.10276,1.8942,3.65033,1.67585,1.64944e-05,1.64944e-05,1.64944e-05
188,11358.5,1.50453,1.53387,1.41047,0.45043,0.21034,0.18276,0.10241,1.89196,3.64769,1.67782,1.54648e-05,1.54648e-05,1.54648e-05
189,11404.6,1.53917,1.52066,1.41578,0.47471,0.20368,0.18326,0.10304,1.88378,3.64938,1.67392,1.44352e-05,1.44352e-05,1.44352e-05
190,11450.9,1.55499,1.51323,1.41673,0.47564,0.20993,0.18566,0.10474,1.87447,3.65322,1.67305,1.34056e-05,1.34056e-05,1.34056e-05
191,11496,1.60931,1.67373,1.5455,0.49889,0.20675,0.18364,0.10266,1.89359,3.66798,1.67941,1.2376e-05,1.2376e-05,1.2376e-05
192,11541.1,1.61223,1.71231,1.52991,0.52333,0.20252,0.18109,0.10263,1.88803,3.69859,1.66831,1.13464e-05,1.13464e-05,1.13464e-05
193,11586,1.59928,1.6441,1.53393,0.58665,0.18623,0.17935,0.10173,1.87997,3.71472,1.6675,1.03168e-05,1.03168e-05,1.03168e-05
194,11631.1,1.49903,1.55257,1.50488,0.55982,0.19009,0.17713,0.10032,1.87989,3.72754,1.66867,9.2872e-06,9.2872e-06,9.2872e-06
195,11676.3,1.5091,1.51006,1.49499,0.53568,0.18843,0.17238,0.09733,1.89162,3.72695,1.66947,8.2576e-06,8.2576e-06,8.2576e-06
196,11721.3,1.64376,1.61206,1.53065,0.57327,0.18575,0.16937,0.09526,1.90831,3.72905,1.67558,7.228e-06,7.228e-06,7.228e-06
197,11766.7,1.55645,1.53526,1.51061,0.57324,0.1865,0.16731,0.09417,1.92358,3.72657,1.67422,6.1984e-06,6.1984e-06,6.1984e-06
198,11811.9,1.58778,1.57066,1.50358,0.54684,0.18503,0.16464,0.09261,1.94663,3.73262,1.68129,5.1688e-06,5.1688e-06,5.1688e-06
199,11857.1,1.53072,1.50738,1.45502,0.52311,0.183,0.16249,0.08991,1.96718,3.7282,1.69015,4.1392e-06,4.1392e-06,4.1392e-06
200,11902.5,1.49629,1.50938,1.4822,0.52122,0.1769,0.15673,0.08859,1.9838,3.7363,1.69828,3.1096e-06,3.1096e-06,3.1096e-06
